Cluster, Domain, Lof, DomianType
Cluster 0, flickr.com, 0.6855464366063468, -1
Cluster 0, zol.com.cn, 0.7218522826212169, -1
Cluster 0, smartisan.com, 0.7256531574829992, 1
Cluster 0, chelianjk.com, 0.726541381142716, 1
Cluster 0, v2ex.co, 0.7313380811132236, -1
Cluster 0, appspot.com, 0.732587192946872, -1
Cluster 0, huawei.com, 0.7339877958090126, 0
Cluster 0, mob.com, 0.7364518957518114, 1
Cluster 0, agps.top, 0.7372791307782464, -1
Cluster 0, moootooo.com, 0.7383604457944687, -1
Cluster 0, vicp.io, 0.7385582341865169, -1
Cluster 0, ctreader.com, 0.7394373264068497, -1
Cluster 0, line-scdn.net, 0.7400009111049949, -1
Cluster 0, oupeng.com, 0.7400714419584256, -1
Cluster 0, zemt.cn, 0.7401225808407031, 1
Cluster 0, exiu99.com, 0.7407735555357245, -1
Cluster 0, 91kulala.com, 0.7412815549070413, 1
Cluster 0, trip.com, 0.7425576666254953, 0
Cluster 0, apple.cn, 0.7441411753564169, -1
Cluster 0, i-carlink.cn, 0.7447643855939041, -1
Cluster 0, gmyun.net, 0.7449703409243611, -1
Cluster 0, 810880.com, 0.7450009339657659, 1
Cluster 0, xicp.net, 0.7460318683058024, 0
Cluster 0, juneyaoair.com, 0.7466942201510757, 1
Cluster 0, ktcarnet.com, 0.7470037827524928, 1
Cluster 0, gps009.cc, 0.7470048308013225, 1
Cluster 0, goo.gl, 0.7471038261187468, 0
Cluster 0, 58.com, 0.7472586936036557, 0
Cluster 0, unimarspay.com, 0.7478177450814225, 1
Cluster 0, xunlei.com, 0.7491580106875572, -1
Cluster 0, zk2013.com, 0.7504217612854087, 1
Cluster 0, watretgps.com, 0.7524073990369855, -1
Cluster 0, ksmobile.com, 0.7530798391043763, 1
Cluster 0, dkwgps.com, 0.7534409731022964, 1
Cluster 0, eftpay.com.cn, 0.7535965703053132, 1
Cluster 0, senthink.com, 0.7537144314414446, 1
Cluster 0, aicares.net, 0.7537445386687602, 1
Cluster 0, autonavi.com, 0.7537949971866367, 0
Cluster 0, sxdl518.com, 0.7547629917573683, 1
Cluster 0, meizu.com, 0.7548249940047616, 0
Cluster 0, eleme.cn, 0.7553639940676276, -1
Cluster 0, 51xgame.com, 0.7562738718775082, 0
Cluster 0, sinotruksfs.com, 0.7564838952799732, 1
Cluster 0, e-bus.cc, 0.7569339972449975, 1
Cluster 0, rcc086.com, 0.7569339972449975, 1
Cluster 0, bing.net, 0.7569839138602269, -1
Cluster 0, branch.io, 0.7577828327585634, -1
Cluster 0, lfengmobile.com, 0.7578672460942577, -1
Cluster 0, samqaicongen.com, 0.7585461055359936, -1
Cluster 0, gpscore.net, 0.7593057263744287, -1
Cluster 0, crashlytics.com, 0.7597500252480833, -1
Cluster 0, solarmanpv.com, 0.7600757637982765, -1
Cluster 0, u12580.com, 0.7604205116636671, 1
Cluster 0, ofo.com, 0.7604888944548115, -1
Cluster 0, widerplanet.com, 0.7607282392950401, -1
Cluster 0, 100-bike.com, 0.7609570302105685, 1
Cluster 0, gps18.com, 0.7614246882863949, 0
Cluster 0, 4sjzfw.net, 0.7614259874656932, 1
Cluster 0, chengduhuanxingshan.com, 0.761864256854531, -1
Cluster 0, windows.com, 0.7625179753053011, 0
Cluster 0, cc9996.com, 0.7630692201806049, 1
Cluster 0, xiaomi.net, 0.7631488220981282, 0
Cluster 0, hwawo.com, 0.7639168182636272, 1
Cluster 0, lnbeidou.net, 0.7640167336931835, -1
Cluster 0, duapps.com, 0.7640182530318944, -1
Cluster 0, cozzia.com.cn, 0.7640284978284351, 1
Cluster 0, openspeech.cn, 0.7640957057293998, 0
Cluster 0, wpsmail.net, 0.7643783251582826, -1
Cluster 0, ksmobile.net, 0.7643783251582826, -1
Cluster 0, wuxianled.com, 0.7643942546545728, 1
Cluster 0, alibaba.com, 0.7644995961921495, -1
Cluster 0, ve-link.com, 0.764618529030851, 1
Cluster 0, chinaums.com, 0.7649124697929084, 1
Cluster 0, huasu.net, 0.7651530082875005, 1
Cluster 0, xuanmo.me, 0.7655532763227522, -1
Cluster 0, smten.com, 0.7659399630277293, 1
Cluster 0, smartshared.cn, 0.7668215618321781, 1
Cluster 0, live.com, 0.7669395620996763, -1
Cluster 0, cnzz.com, 0.7671813666596258, 0
Cluster 0, cvtsp.com, 0.7681150967830771, 1
Cluster 0, jpush.io, 0.7681397460945684, 0
Cluster 0, yunfandns.com, 0.7685082469339053, -1
Cluster 0, dimiccs.com, 0.7685082469339053, -1
Cluster 0, g.cn, 0.7685136160118005, 0
Cluster 0, jpush.cn, 0.7687134731961512, 0
Cluster 0, weather.com, 0.7687408155944336, -1
Cluster 0, abchina.com, 0.7687408155944336, 1
Cluster 0, ecitic.com, 0.768841256481809, -1
Cluster 0, mplink.cn, 0.7694192831911949, 1
Cluster 0, weitepai.com, 0.7694192831911949, 1
Cluster 0, ht-solar.com, 0.7694791809670324, 1
Cluster 0, gpsxitong.com, 0.7696506855796008, 0
Cluster 0, ydnest.com, 0.7698240790288595, 1
Cluster 0, mk-dog.com, 0.7703291063188578, -1
Cluster 0, wasu.tv, 0.7708751870603051, 0
Cluster 0, suibianzhua.com, 0.7710681535498064, 1
Cluster 0, vvfind.net, 0.7714351568390363, 1
Cluster 0, myoppo.com, 0.771823309478024, -1
Cluster 0, 91miaogu.com, 0.7722806395815802, 1
Cluster 0, basegps.com, 0.7724098283205241, -1
Cluster 0, izhangkong.com, 0.7725868286921356, 1
Cluster 0, counect.com, 0.773066141224979, -1
Cluster 0, ztitek.com, 0.7732107516590782, -1
Cluster 0, larcloud.com, 0.7733879528517532, -1
Cluster 0, intestdriver.com, 0.7739834314233947, 0
Cluster 0, focus-dream.com, 0.7741627105459293, -1
Cluster 0, qidian.com, 0.7743272581996546, -1
Cluster 0, amap.com, 0.7743272581996548, 0
Cluster 0, yjm2m.com, 0.7748709106279681, -1
Cluster 0, 51qianba.cn, 0.7749097689441893, -1
Cluster 0, nict.jp, 0.7753884734389993, -1
Cluster 0, chinahiron.com, 0.7754151230354193, -1
Cluster 0, bbobo.com, 0.775488321504216, -1
Cluster 0, demdex.net, 0.7759554259152699, -1
Cluster 0, mediav.com, 0.7765787639141006, -1
Cluster 0, kunlunca.com, 0.7767681687086675, -1
Cluster 0, ppmoney.com, 0.777116588815377, 1
Cluster 0, imibaby.net, 0.777117196099727, 1
Cluster 0, umengcloud.com, 0.77727510521338, 0
Cluster 0, aispeech.com, 0.77727510521338, -1
Cluster 0, 51y5.net, 0.77727510521338, 0
Cluster 0, neixin.cn, 0.7775741431804126, 1
Cluster 0, ksapisrv.com, 0.7776874531649451, 0
Cluster 0, motree.cn, 0.7780440970501962, -1
Cluster 0, ehoo-smart.cn, 0.7780741860104325, -1
Cluster 0, hshh.org, 0.7781832550844108, -1
Cluster 0, u-blox.com, 0.7786320321560992, -1
Cluster 0, bdgps168.com, 0.7787822954913155, -1
Cluster 0, szzhaona.net, 0.7788770345921232, -1
Cluster 0, ucalgary.ca, 0.7788770345921232, 0
Cluster 0, karaku.cn, 0.7791626248583412, 1
Cluster 0, ntp.org.cn, 0.7792606328797096, 0
Cluster 0, jointcontrols.cn, 0.7792720411629335, 1
Cluster 0, jambocloud.com, 0.7796014173711241, 1
Cluster 0, bfgps.net.cn, 0.7797070787951645, 1
Cluster 0, t-vom.com, 0.7797261437726613, 1
Cluster 0, dayu.com, 0.779852619080472, -1
Cluster 0, 618gps.com, 0.780264148721583, 1
Cluster 0, appjiagu.com, 0.7803306018469115, -1
Cluster 0, cetgps3.com, 0.7804372794454791, 1
Cluster 0, eeiot.cn, 0.7805967638650771, 1
Cluster 0, midrive.com.cn, 0.7811473732074965, 1
Cluster 0, qdong365.com.cn, 0.7811704117074654, 1
Cluster 0, intel.com, 0.7816767082639016, -1
Cluster 0, 163.com, 0.7818207835541684, 0
Cluster 0, zhangyue.com, 0.7819110025834721, -1
Cluster 0, gentags.net, 0.7823034470338552, -1
Cluster 0, 99bill.com, 0.7823034470338552, 1
Cluster 0, vsmart.top, 0.7824699340041009, 1
Cluster 0, miaofutech.com, 0.7826626677323658, 1
Cluster 0, yilan.tv, 0.7827865786133699, -1
Cluster 0, adbgps.com, 0.7828895512068837, -1
Cluster 0, spc.com.cn, 0.7829122553183705, 1
Cluster 0, horebtech.net, 0.7830770814142684, 1
Cluster 0, fastlinkchina.com, 0.7830785397497706, 1
Cluster 0, haro-sh.cn, 0.7830855203433432, 1
Cluster 0, landfone.cn, 0.7833408665168241, -1
Cluster 0, mcgps.cn, 0.7834937546926372, -1
Cluster 0, weibo.cn, 0.7835096952280122, -1
Cluster 0, duowan.com, 0.7835412186244317, -1
Cluster 0, coldwang.com, 0.7836475344638609, 1
Cluster 0, zhangshangyuebing.com, 0.7837811848964693, 1
Cluster 0, aliyun-inc.com, 0.7838549333166198, -1
Cluster 0, taiyangos.com, 0.7838919773508043, 1
Cluster 0, sirf.com, 0.7840921553882472, -1
Cluster 0, 4007106666.com, 0.7842898064873539, 1
Cluster 0, ksf.com.cn, 0.7844403033657956, 1
Cluster 0, sealan-tech.com, 0.7845227748738279, -1
Cluster 0, onemilea.com, 0.7845227748738279, -1
Cluster 0, liebaozhaoche.cn, 0.7845303790070876, -1
Cluster 0, echepin.cn, 0.7847422129911872, -1
Cluster 0, hwxcar.com, 0.7848064687119931, -1
Cluster 0, mission-ciyco.com, 0.7849583036234644, 1
Cluster 0, leancloud.cn, 0.78499016017281, -1
Cluster 0, 1931.com, 0.7850932467748102, -1
Cluster 0, nate.com, 0.7851697016824589, -1
Cluster 0, qstaxi.net, 0.7853721227044843, -1
Cluster 0, itunes.com, 0.7853721227044843, -1
Cluster 0, gps688.com, 0.7853736621939198, 1
Cluster 0, geni4s.com, 0.7853893352519602, 1
Cluster 0, dfmc.com.cn, 0.7857330600358493, 1
Cluster 0, getqood.com, 0.785733559624733, 1
Cluster 0, bodentech.com, 0.7857929959940242, -1
Cluster 0, intestcar.com, 0.7860941555153407, 1
Cluster 0, boorgeel.com, 0.7862549373652451, -1
Cluster 0, gsm110.com, 0.7862910036353415, -1
Cluster 0, mwcloudcdn.com, 0.7863057912503366, -1
Cluster 0, 008gps.com, 0.7864493464522339, 0
Cluster 0, easytomessage.com, 0.7864538031645681, -1
Cluster 0, hzjly.cn, 0.7865331246950947, 1
Cluster 0, duoyue.net, 0.7866214837006835, 1
Cluster 0, samsungcard.com, 0.7873663434759841, -1
Cluster 0, kuaishou.com, 0.7875884444948316, -1
Cluster 0, taopiaopiao.com, 0.7875884444948316, -1
Cluster 0, sinobds.cn, 0.7876126682336837, 1
Cluster 0, 518gps.com, 0.7881735915095855, 1
Cluster 0, gps110.org, 0.7884355440457631, 1
Cluster 0, pingan.com.cn, 0.7886510738263457, 1
Cluster 0, huxijia.cn, 0.788872165683524, 1
Cluster 0, google-analytics.com, 0.7890396975853567, -1
Cluster 0, xsagps.com, 0.7893536144708546, 1
Cluster 0, flurry.com, 0.7893993592893469, -1
Cluster 0, bing.com, 0.7894062361635878, -1
Cluster 0, vcyberobd.com, 0.7894482468644, 1
Cluster 0, senqiangsoft.com, 0.7897758663328034, 1
Cluster 0, gpsisd.com, 0.7899930778456721, 1
Cluster 0, zt-express.com, 0.7900066296135024, -1
Cluster 0, vect.com.cn, 0.7901660162908486, 1
Cluster 0, dftt.com.cn, 0.7903742886704749, 1
Cluster 0, 91isv.cn, 0.7908380437253483, -1
Cluster 0, gps021.net, 0.7909117734962059, 0
Cluster 0, jimicloud.com, 0.7910924021104732, 0
Cluster 0, tanx.com, 0.7911192440127166, -1
Cluster 0, abeacon.com, 0.7911832648702142, -1
Cluster 0, qingmang.mobi, 0.7912720245898851, -1
Cluster 0, xxhszx.com, 0.791488779047674, -1
Cluster 0, lewei666.com, 0.7915138167493987, 1
Cluster 0, vehstar.com, 0.791608241157322, -1
Cluster 0, brightdairy.com, 0.7920638510269801, 0
Cluster 0, sjtu.edu.cn, 0.7922623505976419, -1
Cluster 0, dingdangddc.com, 0.792419932929244, -1
Cluster 0, nhncorp.com, 0.7925578580557326, 0
Cluster 0, yuyue.com.cn, 0.7925578580557329, 1
Cluster 0, 71.am, 0.7927623836352918, -1
Cluster 0, cmobd.com, 0.7929217308587293, 1
Cluster 0, 95155.com, 0.7929385665933703, 1
Cluster 0, coneton.com, 0.7929465997593615, 1
Cluster 0, kang.cn, 0.7932214582537822, 1
Cluster 0, 18gps.net, 0.793237329918406, 1
Cluster 0, 365daoyou.cn, 0.7936100501560304, -1
Cluster 0, iyunmu.cn, 0.7938277279355003, -1
Cluster 0, irs01.com, 0.793879678126059, 1
Cluster 0, ctrip.com, 0.7938801038305782, -1
Cluster 0, rtzltech.cn, 0.7939291823093647, 1
Cluster 0, fangkuaiyi.com, 0.7946907092297986, -1
Cluster 0, ysepay.com, 0.794888353424755, 1
Cluster 0, tincere.link, 0.7949802510462076, 1
Cluster 0, naveco.com.cn, 0.7950642798797396, 1
Cluster 0, 02rc.com, 0.7951352776355132, -1
Cluster 0, wkanx.com, 0.7953251880662471, -1
Cluster 0, cq.cn, 0.7958255455405482, 0
Cluster 0, insistek-sh.com, 0.7960935898871515, 0
Cluster 0, vveye.net, 0.7962371060868907, -1
Cluster 0, jd.com, 0.7962502852966693, 0
Cluster 0, mobike.com, 0.7965946653316058, 1
Cluster 0, 360qws.cn, 0.7965946653316058, -1
Cluster 0, netease.im, 0.7966031845861801, -1
Cluster 0, teddymobile.cn, 0.7967697064249432, -1
Cluster 0, ccb.com.cn, 0.7969334952934312, 1
Cluster 0, ablecloud.cn, 0.7970452831651855, 1
Cluster 0, orageeapp.cn, 0.7971510808117707, 0
Cluster 0, 365chean.com, 0.797283004543389, -1
Cluster 0, qiyi.com, 0.7975966614970869, -1
Cluster 0, upqzfile.com, 0.797716859821171, -1
Cluster 0, 365gps.com, 0.7978557675000133, -1
Cluster 0, hexin.cn, 0.7983117715877073, -1
Cluster 0, xqchuxing.com, 0.7983496763695382, -1
Cluster 0, kingwings.cn, 0.798387598252002, 1
Cluster 0, gps889.com, 0.798470397419625, 1
Cluster 0, xiandinggps.com, 0.7987332738130934, 1
Cluster 0, ucpaas.com, 0.7988027312778788, -1
Cluster 0, o-bos.com, 0.79897249692656, 0
Cluster 0, shijicloud.com, 0.799036902726973, 1
Cluster 0, vcyber.com, 0.7991957305843826, 1
Cluster 0, gpsatr.com, 0.7994047605052699, 1
Cluster 0, ximalaya.com, 0.7996094800516319, -1
Cluster 0, usr.cn, 0.7996319277126567, 1
Cluster 0, miaozhen.com, 0.7998346391052429, -1
Cluster 0, qchannel03.cn, 0.8000589894992732, -1
Cluster 0, 17sxin.com, 0.8001788633241981, -1
Cluster 0, 51appupdate.com, 0.8002234262308576, -1
Cluster 0, bestzone.org, 0.800413567877895, 1
Cluster 0, iotts.net, 0.8004578279749003, 1
Cluster 0, newlandpayment.com, 0.8005648799772631, 1
Cluster 0, cheoa.cn, 0.8006755305519487, -1
Cluster 0, cusoun.com, 0.8008025603307132, -1
Cluster 0, wh028.com, 0.8008175446701212, -1
Cluster 0, kcnzq.com, 0.8010990391900705, -1
Cluster 0, adgomob.com, 0.8011798759730568, 1
Cluster 0, rayeye.cn, 0.8013523244103968, -1
Cluster 0, sto-express.cn, 0.8014738123329564, 1
Cluster 0, niu.com, 0.8016261611861001, 1
Cluster 0, hditcloud.com, 0.8021584530972085, 1
Cluster 0, gtwear.com, 0.8022923157550729, -1
Cluster 0, gizwits.com, 0.8023520551732695, 1
Cluster 0, yq1d.com, 0.8027286276514859, 1
Cluster 0, cmread.com, 0.8029087304721715, -1
Cluster 0, blibee.com, 0.8029166497834485, -1
Cluster 0, 1391.com, 0.8029611232077599, -1
Cluster 0, suojunpower.com, 0.8031195080035903, -1
Cluster 0, 51asiatek.cn, 0.8032786638002285, -1
Cluster 0, tanway.cn, 0.8037141621426347, -1
Cluster 0, easemob.com, 0.8038933954063374, -1
Cluster 0, car-cloud.org, 0.8038933954063376, -1
Cluster 0, w1501.com, 0.8039163564400592, -1
Cluster 0, cloudmobi.net, 0.8039793007983072, -1
Cluster 0, ilinkn.com, 0.8041354220530852, 1
Cluster 0, fun.tv, 0.8041882974522622, -1
Cluster 0, huazhuangapp.com, 0.8044129830182836, -1
Cluster 0, hopelead.link, 0.8044560771536468, -1
Cluster 0, growingio.com, 0.8045557978603768, -1
Cluster 0, sunvou.com, 0.8046416913422746, 1
Cluster 0, heweather.com, 0.8046652805310781, -1
Cluster 0, zsouth.com, 0.8046652805310781, -1
Cluster 0, msn.com, 0.8046652805310781, -1
Cluster 0, wwvas.com, 0.8046865649251702, 1
Cluster 0, aykj0577.com, 0.8047880101098821, -1
Cluster 0, miui.com, 0.8048267694577943, 0
Cluster 0, adnxs.com, 0.8048657948152055, -1
Cluster 0, 51.la, 0.8051795079038537, -1
Cluster 0, maroon91.com, 0.8054061956846599, 1
Cluster 0, naver.jp, 0.8054469243473047, -1
Cluster 0, yy.com, 0.8058622575205948, 0
Cluster 0, 3322.org, 0.8060001772974552, -1
Cluster 0, navercorp.com, 0.8065301142481378, -1
Cluster 0, kuizhen.net, 0.8066473481623723, 1
Cluster 0, cellocation.com, 0.8067269121360912, 1
Cluster 0, 55555.io, 0.806805843747127, 0
Cluster 0, dongjian.cc, 0.8068390805294626, -1
Cluster 0, amazonaws.com.cn, 0.8072557224585692, 0
Cluster 0, gps19.com, 0.8074908002531955, 1
Cluster 0, evcar.com, 0.8076437442376087, 1
Cluster 0, szime.com, 0.8078328739406055, 1
Cluster 0, esim.net.cn, 0.8081325819663906, -1
Cluster 0, wpart.cn, 0.808409185971662, -1
Cluster 0, 360.cn, 0.8084365487856962, 0
Cluster 0, 3.cn, 0.8084732278132973, -1
Cluster 0, jygps.com.cn, 0.8084993063790453, -1
Cluster 0, mi-idc.com, 0.8085137774631305, -1
Cluster 0, gpsui.net, 0.8087339195792691, 1
Cluster 0, airm2m.com, 0.8091807485290856, 1
Cluster 0, sofoiot.com, 0.8092423641210253, 1
Cluster 0, gps0123.com, 0.809290251096767, -1
Cluster 0, fotapro.com, 0.8093037885712672, -1
Cluster 0, gitv.tv, 0.8098220503890637, -1
Cluster 0, safecenter.com, 0.8098943227991592, -1
Cluster 0, 4001882367.com, 0.8100434316499978, -1
Cluster 0, gps112.com, 0.8100847491028663, 1
Cluster 0, cnview.com.cn, 0.8104079410864122, 1
Cluster 0, adkmob.com, 0.8105426054645666, -1
Cluster 0, bdisy.com, 0.8105755371709652, -1
Cluster 0, lvkedu.com, 0.8110832124945, 1
Cluster 0, axxc.cn, 0.8113164782928038, -1
Cluster 0, 44gps.cn, 0.8113174230410115, 1
Cluster 0, z-qihang.com, 0.8113374918244214, 1
Cluster 0, huixun.me, 0.811344436238916, -1
Cluster 0, newrelic.com, 0.8114840306769473, -1
Cluster 0, voicecloud.cn, 0.8115204602909426, 0
Cluster 0, shzykj.com, 0.8118682026677725, 1
Cluster 0, fpdiov.com, 0.8120993902843076, -1
Cluster 0, shuqireader.com, 0.8123294434602186, -1
Cluster 0, servicewechat.com, 0.8129046642342826, -1
Cluster 0, digilink086.com, 0.8130943542334436, 1
Cluster 0, fxltsbl.com, 0.8131702348718577, -1
Cluster 0, bfeedback.com, 0.8135579950386033, -1
Cluster 0, 51shaoxi.com, 0.8142937539415606, 1
Cluster 0, entrust.net, 0.8143381251400388, -1
Cluster 0, appsflyer.com, 0.8145289809123522, -1
Cluster 0, analysys.cn, 0.8148743754215383, -1
Cluster 0, lbs-simcom.com, 0.8149151004350712, -1
Cluster 0, bytedns.net, 0.8150482236344546, 0
Cluster 0, calliance.com.cn, 0.8153086243893505, 1
Cluster 0, chongdian.club, 0.8153086243893505, 1
Cluster 0, yanguankeji168.com, 0.8153086243893505, -1
Cluster 0, tencent-cloud.net, 0.8154273034575675, 0
Cluster 0, capcare.com.cn, 0.8155220212960927, 1
Cluster 0, oznerwater.com, 0.8156443646637748, -1
Cluster 0, qmlog.cn, 0.8156547062981483, -1
Cluster 0, gps021.cn, 0.8157052185512885, -1
Cluster 0, solarmandata.com, 0.815751580001953, -1
Cluster 0, jiguang.cn, 0.8157869416749908, -1
Cluster 0, qm.cn, 0.816037162426879, 1
Cluster 0, umlxny.com, 0.8164292047499643, 1
Cluster 0, dafabc.net, 0.81653369878088, -1
Cluster 0, ksosoft.com, 0.8166781726929994, -1
Cluster 0, xmsyhy.com, 0.8170006226073744, -1
Cluster 0, tcnvmms.com, 0.8170369061351188, 1
Cluster 0, alcoholanalytics.com, 0.8170440218428088, -1
Cluster 0, avlyun.com, 0.8170767090175584, -1
Cluster 0, ronghub.com, 0.8175020739711124, -1
Cluster 0, sssyin.cn, 0.8175126284867359, 1
Cluster 0, nuomi.com, 0.8178747889271591, -1
Cluster 0, lektecdc.com, 0.8180531861923068, 1
Cluster 0, alipay.com, 0.8181401307056623, 1
Cluster 0, sbycjk.cn, 0.8182982123633122, -1
Cluster 0, 10jqka.com.cn, 0.8183071339204773, -1
Cluster 0, liebao.cn, 0.8186018404921904, -1
Cluster 0, njchengshan.cn, 0.8187104443271277, 1
Cluster 0, umeng.com, 0.8189550248006835, 0
Cluster 0, id1.cn, 0.8190094206084023, -1
Cluster 0, fleet-online.cn, 0.8190798314662466, 1
Cluster 0, fxxz.com, 0.8190926610879361, -1
Cluster 0, gzncloud.com, 0.8192995834276022, 1
Cluster 0, wiway.com.cn, 0.8195011888655003, -1
Cluster 0, smartpeak.cn, 0.819673885395052, 1
Cluster 0, gps98.cn, 0.8196815343764431, 1
Cluster 0, yadea.com.cn, 0.8197160942839761, 1
Cluster 0, weimob.com, 0.8197982326712326, -1
Cluster 0, bangoplus.com, 0.8199174014720351, 1
Cluster 0, gpsonline.cn, 0.8201207520575483, 1
Cluster 0, gpsjm.com, 0.8201627753054705, 1
Cluster 0, suning.cn, 0.8204425829051619, -1
Cluster 0, bcgogo.com, 0.8205725551546668, 1
Cluster 0, carsecretary.com, 0.8208824819061677, 1
Cluster 0, huayusoft.com, 0.8209753922611309, 1
Cluster 0, kirinclouds.com, 0.8212505799162099, -1
Cluster 0, lemobar.com, 0.8212843851714254, 1
Cluster 0, veioo.cn, 0.8213497743155422, -1
Cluster 0, shztzn.com, 0.8214742035616827, -1
Cluster 0, jslocation.com, 0.8217567342487934, 1
Cluster 0, immomogame.com, 0.8217692376699789, -1
Cluster 0, connman.net, 0.8217692376699791, -1
Cluster 0, 51kuaibi.com, 0.821789039643728, 1
Cluster 0, iotchs.xyz, 0.8219451545530138, -1
Cluster 0, duba.net, 0.8220993206118015, -1
Cluster 0, lakala.com, 0.8223931586222278, 1
Cluster 0, sharesdk.cn, 0.8226328370750778, -1
Cluster 0, lingxicloud.com, 0.8226503557158236, -1
Cluster 0, kartor.cn, 0.8227958358845354, 1
Cluster 0, ttbike.com.cn, 0.823185056504921, 1
Cluster 0, yusong.com.cn, 0.8232790443646794, 1
Cluster 0, ananb.com.cn, 0.8233541244110499, -1
Cluster 0, cootekservice.com, 0.8234429172484605, 0
Cluster 0, shianxin.net, 0.8236671225192007, 1
Cluster 0, linewin.cc, 0.8240038584007955, 1
Cluster 0, xdrig.com, 0.8242568179732718, -1
Cluster 0, cardinfo.com.cn, 0.8244716921673969, 1
Cluster 0, outlook.com, 0.8246807466130038, -1
Cluster 0, iclick.com.cn, 0.8248156776402389, -1
Cluster 0, idatatank.com, 0.8248785159587685, 1
Cluster 0, sina.com, 0.8248849613632491, 0
Cluster 0, stointl.com, 0.8249569164030479, 1
Cluster 0, mo-huan.com, 0.8249629184774975, 1
Cluster 0, leyaoyao.com, 0.8252234038508183, -1
Cluster 0, longxiang.biz, 0.8252360171656031, 1
Cluster 0, aika168.com, 0.8253007371443797, 1
Cluster 0, ce-safe.com, 0.8256224880987693, -1
Cluster 0, adsunflower.com, 0.8256262525734289, 0
Cluster 0, jdpay.com, 0.8258849545813014, -1
Cluster 0, e-eye.cn, 0.8259467947509457, 1
Cluster 0, wlwltech.com, 0.8262403639104468, -1
Cluster 0, dola520.com, 0.8263396883229757, -1
Cluster 0, gpscar.cn, 0.8264159388674497, 1
Cluster 0, jiweisen.com, 0.8267282887909548, 1
Cluster 0, wondware.com, 0.8270199077004667, -1
Cluster 0, aslk.me, 0.8271153815548162, -1
Cluster 0, 350gps.cn, 0.8272243623815203, 1
Cluster 0, kaifakuai.com, 0.8272259548657244, 1
Cluster 0, so.com, 0.8273985068037535, -1
Cluster 0, cmpassport.com, 0.827531680876023, 1
Cluster 0, fb.com, 0.8278097438366544, -1
Cluster 0, rdbtech.cn, 0.8278993431123511, -1
Cluster 0, gps1818.cn, 0.8279290708411728, 1
Cluster 0, gps1168.com, 0.8280736008857212, 1
Cluster 0, wsds.cn, 0.8283092560217756, -1
Cluster 0, cloud-jinhua.com, 0.8283166427511306, 1
Cluster 0, admaster.com.cn, 0.8283439042636458, -1
Cluster 0, kytence.com, 0.8284318791080842, 1
Cluster 0, szchuzhong.com, 0.8286182296978817, 1
Cluster 0, bldrdoc.gov, 0.8286463371012772, -1
Cluster 0, cdguanjia.com, 0.8289063331037033, -1
Cluster 0, kugou.net, 0.8290804042103002, -1
Cluster 0, gvt2.com, 0.8293054673023207, -1
Cluster 0, flyme.cn, 0.8294188873358703, -1
Cluster 0, googleapis.cn, 0.8295910451576146, 0
Cluster 0, fullway.com.cn, 0.8296951565381739, 1
Cluster 0, zblbs.cn, 0.829912539768731, -1
Cluster 0, d-water.net, 0.8299125397687312, -1
Cluster 0, i-elitech.cn, 0.829933963430134, 1
Cluster 0, sky200.com, 0.8302786972018577, 1
Cluster 0, dftcmedia.com, 0.8304978458442589, 1
Cluster 0, allseller.cn, 0.830602825591882, 1
Cluster 0, eoutech.net, 0.8308971968074603, 1
Cluster 0, ntp.org, 0.8309831511607246, -1
Cluster 0, ubinavi.com.cn, 0.8311707241140608, 1
Cluster 0, bjrszn.cn, 0.8321887351966601, 1
Cluster 0, midea-hotwater.com, 0.8323835733432311, 1
Cluster 0, xf-yun.com, 0.8325495494854234, 0
Cluster 0, supatent.cn, 0.8327223307362482, -1
Cluster 0, ksyun.com, 0.8327907773712966, -1
Cluster 0, p2cdn.com, 0.8329420581971274, -1
Cluster 0, tptri.cn, 0.8336876115168822, 1
Cluster 0, lierdae-hub.com, 0.8340382434911693, 1
Cluster 0, xfinfr.com, 0.834153916858336, -1
Cluster 0, conti-x.cn, 0.8342118535674281, -1
Cluster 0, ebeiben.com, 0.8343377229151583, -1
Cluster 0, shesi.org, 0.8346822096093682, -1
Cluster 0, ztems.com, 0.8348588666213491, -1
Cluster 0, 17carlife.com, 0.8348980850990827, -1
Cluster 0, weidaigps.com, 0.8350609939656561, -1
Cluster 0, yuweicloud.com, 0.835178419321792, -1
Cluster 0, szdatacenter.com, 0.8353364887264251, 0
Cluster 0, 9jodia.net, 0.8353956547935042, 1
Cluster 0, jlmgps.com, 0.8355133411614147, -1
Cluster 0, shuzilm.cn, 0.8355726696325112, -1
Cluster 0, mumakid.com, 0.8356771474780273, -1
Cluster 0, appnxt.net, 0.8358759318226537, -1
Cluster 0, myasiatek.cn, 0.8360220269881179, -1
Cluster 0, abycb.com, 0.8362493537211751, 1
Cluster 0, lixms.com, 0.8362531523826396, -1
Cluster 0, keke.cn, 0.836759161859338, 0
Cluster 0, yichebang.net, 0.8373425022860038, 1
Cluster 0, map10000.com, 0.8374077846095039, 1
Cluster 0, app-measurement.com, 0.8374638998290391, -1
Cluster 0, gpscx.com, 0.8377149232769547, 1
Cluster 0, idatachina.com, 0.8378974619918964, 1
Cluster 0, dato88.com, 0.8380158384222129, 1
Cluster 0, qutu.com, 0.8381804615849706, -1
Cluster 0, 189.cn, 0.8384724596977084, 1
Cluster 0, hanergy.com, 0.8390327395901018, -1
Cluster 0, beidou360.org, 0.8390539810121901, 1
Cluster 0, dcloud.net.cn, 0.83905717841009, 1
Cluster 0, eyskj.com, 0.8391629713440871, -1
Cluster 0, sandai.net, 0.8397292340943263, -1
Cluster 0, cloudbirds.com.cn, 0.8398446945495568, 1
Cluster 0, sf-trailernet.com, 0.8402008745730833, 1
Cluster 0, yunvend.cn, 0.8403205301528116, -1
Cluster 0, qiku.com, 0.8405479834470742, 1
Cluster 0, fuwo.com, 0.8407575780704366, -1
Cluster 0, zhimoo.com, 0.8408090956072367, 1
Cluster 0, gpsbd.cn, 0.8408338894452004, 1
Cluster 0, 3g-elec.com, 0.8412325345928238, 1
Cluster 0, adjust.com, 0.8413020092757881, -1
Cluster 0, 075511185.com, 0.8417334511285454, 1
Cluster 0, huanxinghuoli.cn, 0.8424689425455952, -1
Cluster 0, btiot.com.cn, 0.8425902776800065, -1
Cluster 0, cgqc.cn, 0.8430687506695307, -1
Cluster 0, lantogx.com, 0.8431734692601014, -1
Cluster 0, edaoduo.com, 0.8431850468102458, -1
Cluster 0, imecare.com, 0.8433571873075634, 1
Cluster 0, tuyacn.com, 0.8434170633974303, 1
Cluster 0, gzyunku.net, 0.8435157449946408, 1
Cluster 0, appvipshop.com, 0.8438606310807799, -1
Cluster 0, moootooo.cn, 0.8438999863668867, -1
Cluster 0, jlwifi.com, 0.8440635237928955, -1
Cluster 0, gepush.com, 0.8440635237928957, 0
Cluster 0, accountkit.com, 0.8445523226490017, -1
Cluster 0, uczzd.net, 0.8446291825899351, 1
Cluster 0, duoxieyun.com, 0.8452603251799807, 1
Cluster 0, lexqf.com, 0.845395447583757, -1
Cluster 0, giantcontrol.net, 0.845618897688692, 1
Cluster 0, mmarket.com, 0.8456896744035763, -1
Cluster 0, solar365.cn, 0.846063731694182, 1
Cluster 0, i-gps.net, 0.8461909634525387, -1
Cluster 0, yeahka.com, 0.8464262931970179, 1
Cluster 0, landicorp.com, 0.8465202662061451, -1
Cluster 0, youzanyun.com, 0.8468465958205709, -1
Cluster 0, inmobi.com, 0.8469833647446272, -1
Cluster 0, ip138.com, 0.8469972070285896, -1
Cluster 0, dedaotsp.cn, 0.8471579233031672, 1
Cluster 0, topsail-iot.com, 0.8472852961602312, -1
Cluster 0, andkids.cn, 0.8473917929591444, -1
Cluster 0, a-cube.cn, 0.8475806038668573, -1
Cluster 0, shinemonitor.com, 0.8480084868692158, -1
Cluster 0, igexin.com, 0.8480143855188539, 0
Cluster 0, sh.cn, 0.8480644911956274, -1
Cluster 0, hoymiles.com, 0.8484883245196244, -1
Cluster 0, amso.com.cn, 0.8486383641415174, -1
Cluster 0, googleadsserving.cn, 0.848747796542197, -1
Cluster 0, dian.so, 0.848752536905728, 1
Cluster 0, miyixia.cn, 0.8488100482564145, 1
Cluster 0, zhuineng.com, 0.8491839727720276, 1
Cluster 0, meitu.com, 0.8492516169786392, -1
Cluster 0, shui.cn, 0.84963806134547, 1
Cluster 0, gpsos.com.cn, 0.8499236616398423, 1
Cluster 0, alipaylog.com, 0.8501196874100252, -1
Cluster 0, sohu.com, 0.8502152521868969, 0
Cluster 0, wangpos.com, 0.8504313099441803, 1
Cluster 0, songsongbei.com, 0.8506344588690201, 1
Cluster 0, ifeng.com, 0.8509397779208863, -1
Cluster 0, yunshen918.com, 0.8514677876911001, -1
Cluster 0, cardata.com.cn, 0.8514792364245116, 1
Cluster 0, kamaqc.com, 0.8516268457518233, 1
Cluster 0, google.fr, 0.8516699857288893, -1
Cluster 0, 51fubei.com, 0.8517786824327009, -1
Cluster 0, dzgas.net, 0.8520214640357391, -1
Cluster 0, shouqianba.com, 0.8521623951474144, 1
Cluster 0, shjgj.gov.cn, 0.8521858907506026, 1
Cluster 0, cpsdna.com, 0.8523631615746495, -1
Cluster 0, postar.cn, 0.852492238204092, 1
Cluster 0, vip.com, 0.8525244136744259, -1
Cluster 0, szbenway.com, 0.8527211909103357, 1
Cluster 0, google.cn, 0.8528272221186931, 0
Cluster 0, linkio.cn, 0.8529391392612364, -1
Cluster 0, iask.in, 0.8530139872244323, 0
Cluster 0, gnssgis.com, 0.8530957210011358, 1
Cluster 0, tuqianggps.com, 0.8537425884314322, 0
Cluster 0, teld.cn, 0.8540802397182305, 1
Cluster 0, mini361.com, 0.8541632575558487, 1
Cluster 0, gmail.com, 0.8542683472679604, -1
Cluster 0, 567gps.com, 0.8545852973102053, 1
Cluster 0, nfsq.com.cn, 0.8546896947571178, 1
Cluster 0, 009gps.com, 0.8548516444992345, 1
Cluster 0, glucosemanage.com, 0.8552348170883473, 1
Cluster 0, xpcar.cn, 0.8554388846275274, -1
Cluster 0, adonging.com, 0.8554855170086789, 1
Cluster 0, dftcgroup.com, 0.8559910380581435, -1
Cluster 0, ecarcloud.net, 0.8560143224018699, -1
Cluster 0, chinavem.com, 0.8562380721238576, 1
Cluster 0, cloudvechile.com, 0.8562705742316336, -1
Cluster 0, z3.cn, 0.8562932511982897, -1
Cluster 0, tencentmind.com, 0.8563646272093894, -1
Cluster 0, getui.net, 0.8568714782823317, 0
Cluster 0, saj-solar.com, 0.8568812280562904, 1
Cluster 0, moatads.com, 0.8572701109829358, -1
Cluster 0, gghypt.net, 0.8573522689528618, 0
Cluster 0, qchannel01.cn, 0.8579746321507349, -1
Cluster 0, symcd.com, 0.8583916748197614, -1
Cluster 0, s-water.cn, 0.8585376914374537, -1
Cluster 0, fengkongcloud.com, 0.8586451089017959, -1
Cluster 0, alibaba-inc.com, 0.8588669164828036, -1
Cluster 0, anchehui.cn, 0.8590605202636443, -1
Cluster 0, rkdatabase.com, 0.8591922364203937, -1
Cluster 0, zg666gps.com, 0.8599375757826218, 1
Cluster 0, 51515111.cc, 0.8615906407041862, 1
Cluster 0, haosou.com, 0.8616144734802786, -1
Cluster 0, mozilla.com, 0.8616463445525108, -1
Cluster 0, matocloud.com, 0.8616589683088582, -1
Cluster 0, tianyigps.cn, 0.8618891198721059, -1
Cluster 0, gps669.net, 0.8620749733794956, -1
Cluster 0, wst1688.com, 0.8625916743105678, -1
Cluster 0, haiyaxiyi.cn, 0.862760924694169, 1
Cluster 0, ragentek.com, 0.8628853265590714, 1
Cluster 0, hhydzf.com, 0.8628963210451444, -1
Cluster 0, tarollcake.com, 0.8629259208573506, -1
Cluster 0, alibabadns.com, 0.8630232554865709, 0
Cluster 0, bfgps.com, 0.8630508105061164, -1
Cluster 0, 8325.com, 0.8631265264534249, -1
Cluster 0, gps903.net, 0.8633406428043253, 1
Cluster 0, neoway.com, 0.8634298376116295, 0
Cluster 0, originate.org.cn, 0.8634530211681177, 1
Cluster 0, vbersky.com, 0.8634922173102838, -1
Cluster 0, easy-pay.com.cn, 0.8638832809515611, 1
Cluster 0, mmstat.com, 0.8643822445170137, 0
Cluster 0, feieyun.cn, 0.8644459121929046, -1
Cluster 0, 51miaomiao.com, 0.8646857291448512, 1
Cluster 0, reachmax.cn, 0.864906892776005, -1
Cluster 0, tmall.com, 0.8649761234006862, -1
Cluster 0, soundtooth.cn, 0.8652934265937816, 1
Cluster 0, hicp.net, 0.8653385042138801, -1
Cluster 0, mookie1.cn, 0.8657138987850516, -1
Cluster 0, ifreeztech.com, 0.865825708238031, -1
Cluster 0, zjtrack.com, 0.8663193230490094, 1
Cluster 0, 33song.com, 0.8669113254320588, 1
Cluster 0, xiaowm.com, 0.8671302687354506, 1
Cluster 0, waimungtech.com, 0.8671471668156858, 1
Cluster 0, imwork.net, 0.8672146478535439, 0
Cluster 0, zookingsoft.com, 0.8676394509488082, -1
Cluster 0, zhuishushenqi.com, 0.8678129492274822, -1
Cluster 0, coldclouds.com, 0.8678662478296868, -1
Cluster 0, youbanban.com, 0.8685501337297878, 1
Cluster 0, weighingcloud.com, 0.8688181373604946, 1
Cluster 0, tbitgps.com, 0.8696393005050045, 0
Cluster 0, toutiaocdn.cn, 0.8698838947805022, -1
Cluster 0, msedge.net, 0.8698956804215795, -1
Cluster 0, basewin.com, 0.8700024939002577, 1
Cluster 0, yocaly.com, 0.8700982467706989, 1
Cluster 0, xrdgps.com, 0.8701920738140917, 1
Cluster 0, mobileapptracking.com, 0.8703882266385028, -1
Cluster 0, 58995899.net, 0.8712890891512393, 1
Cluster 0, networkbench.com, 0.8721525401962655, -1
Cluster 0, alipaydns.com, 0.8724111415061777, 0
Cluster 0, baifubao.com, 0.8735105945094193, -1
Cluster 0, getein.cn, 0.8738623271737375, 1
Cluster 0, g7smart.com, 0.8743093351608955, -1
Cluster 0, qmail.com, 0.874838880468037, -1
Cluster 0, chintps.com, 0.8749064193826908, 1
Cluster 0, shgps.cn, 0.8749927111056174, -1
Cluster 0, shouqiev.net, 0.8750247480138048, -1
Cluster 0, chedaia.com, 0.8752482259911277, 1
Cluster 0, umlgps.com, 0.8753454447197402, 1
Cluster 0, baidubce.com, 0.8753875273410344, 0
Cluster 0, dingyueads.com, 0.875525054320885, -1
Cluster 0, china-gis.com, 0.8760216020229542, -1
Cluster 0, mmrou.com, 0.8760846978214334, 1
Cluster 0, oemeoapi.com, 0.87639177259211, -1
Cluster 0, yuyugps.com, 0.8764477802681452, -1
Cluster 0, yunos.com, 0.8769878437957507, 0
Cluster 0, andmage.com, 0.8777249172860998, -1
Cluster 0, adups.com, 0.8782128143310264, 0
Cluster 0, anyocharging.com, 0.8785375381015859, 1
Cluster 0, shuncom.com.cn, 0.8785763721617104, -1
Cluster 0, xiaoantech.com, 0.8787314280301383, -1
Cluster 0, baojia.com, 0.8792172084535832, -1
Cluster 0, rokyinfo.net, 0.8795726231047449, -1
Cluster 0, xingdataxi.com, 0.8806203633637946, 1
Cluster 0, zjmon.top, 0.8812048320963971, -1
Cluster 0, microiot.info, 0.881237291096485, 1
Cluster 0, gps8653.com, 0.8813771652967167, 1
Cluster 0, envisioncn.com, 0.8815272613584998, 1
Cluster 0, shgxkj1230.com, 0.8829809995218791, 1
Cluster 0, shifen.com, 0.8830715204825774, 0
Cluster 0, 1-chong.com, 0.8834864467386193, -1
Cluster 0, huina365.com, 0.8840671085169701, -1
Cluster 0, pp.cn, 0.8841796652365232, -1
Cluster 0, joyoung.com, 0.8845270156488034, -1
Cluster 0, izhihuibox.cn, 0.8846917984529595, 1
Cluster 0, cmbchina.com, 0.8857641662231096, -1
Cluster 0, sm.cn, 0.8860881399567336, -1
Cluster 0, lenovomm.com, 0.8862861502105754, 0
Cluster 0, duokanbox.com, 0.8863054406622168, -1
Cluster 0, qchannel04.cn, 0.8866195584892385, -1
Cluster 0, rotai.cn, 0.8868940614288586, 1
Cluster 0, cabrtc.com, 0.8874900487545085, -1
Cluster 0, alimama.com, 0.887882854324895, -1
Cluster 0, teamviewer.com, 0.8880407931795185, 0
Cluster 0, taobaocdn.com, 0.8889935424302177, -1
Cluster 0, fanxing.com, 0.8889935424302177, -1
Cluster 0, moji.com, 0.8892803093469421, -1
Cluster 0, didistatic.com, 0.8894498113102054, 1
Cluster 0, tcdnlive.com, 0.889805807333319, -1
Cluster 0, google.ca, 0.8902567751844433, -1
Cluster 0, aiqiangua.com, 0.8903056318401115, 1
Cluster 0, webterren.com, 0.8904110081689588, -1
Cluster 0, wangcaio2o.com, 0.8904458064118594, 1
Cluster 0, ctripgslb.com, 0.8906332590532541, -1
Cluster 0, mzjmedia.com, 0.8907564147463525, -1
Cluster 0, javalink.com.cn, 0.8908781038868762, -1
Cluster 0, monpump.net, 0.891017157311067, -1
Cluster 0, askdwl.com, 0.8917150804812708, 1
Cluster 0, criteo.com, 0.8927013081868097, -1
Cluster 0, pinduoduo.com, 0.8927410968376754, -1
Cluster 0, samsung.com, 0.8927871210805852, -1
Cluster 0, 99bicycle.com, 0.8929672204273071, 1
Cluster 0, canonical.com, 0.8929848920083032, -1
Cluster 0, chinaumswh.com, 0.8930092297538603, -1
Cluster 0, a6gps.com, 0.8930474429681586, 1
Cluster 0, jjsan.com, 0.8935255953775135, -1
Cluster 0, watermeter.vip, 0.8935310592887138, -1
Cluster 0, hayikeji.com, 0.8935940327786673, 1
Cluster 0, chinacityguard.com.cn, 0.8938984003798964, 1
Cluster 0, lkkids.com, 0.8941766987707336, -1
Cluster 0, openluat.com, 0.8949475814875859, 0
Cluster 0, gicp.net, 0.8952128360887723, -1
Cluster 0, vicp.cc, 0.8964315759972786, -1
Cluster 0, gpsime.net, 0.8964594743000538, 1
Cluster 0, fzyjch.com, 0.8971140461584124, -1
Cluster 0, zhihu.com, 0.8974760221293934, -1
Cluster 0, insentek.com, 0.897480558334464, 1
Cluster 0, gps9988.com, 0.8976753476955117, 1
Cluster 0, zhihusan.cn, 0.8978005871201372, -1
Cluster 0, hitachi-helc.com, 0.8978471017000512, -1
Cluster 0, lkme.cc, 0.8986329745490419, -1
Cluster 0, dfcv.com.cn, 0.899510968275604, -1
Cluster 0, shedi.com, 0.9006553035408489, 1
Cluster 0, sofar110.net, 0.9008132074574077, -1
Cluster 0, redstone.net.cn, 0.9010139755828842, 0
Cluster 0, shengpay.com, 0.9012069787445114, 1
Cluster 0, yutong.com, 0.9014735630355535, -1
Cluster 0, twimg.com, 0.901489653709277, -1
Cluster 0, audi-connect.cn, 0.9018407967120163, 1
Cluster 0, co.jp, 0.9018749545262178, -1
Cluster 0, iotserver.cn, 0.9019471932618464, 1
Cluster 0, honganrobots.com, 0.9024546048400204, 1
Cluster 0, y-moto.com, 0.9034567831857665, -1
Cluster 0, zongs365.cn, 0.9036715703558217, 1
Cluster 0, adfuture.cn, 0.904217103884036, -1
Cluster 0, x9water.com, 0.9048137870209215, 1
Cluster 0, bdzhdw.com, 0.9051532318594212, 1
Cluster 0, showutech.com, 0.9053746336420871, 1
Cluster 0, twitter.com, 0.9060389796584865, -1
Cluster 0, ikuijia.com, 0.9068410787201092, 1
Cluster 0, qtopay.cn, 0.9069306676225161, 1
Cluster 0, tencent-cloud.com, 0.9073042383146875, -1
Cluster 0, sinohb.com, 0.9075169646806149, -1
Cluster 0, ccclubs.com, 0.9079637761306394, 1
Cluster 0, neoriver.cn, 0.9082683537993226, 1
Cluster 0, neiweiguan.cn, 0.9097678985402435, -1
Cluster 0, heclouds.com, 0.9099090763125435, 1
Cluster 0, cmmat.com, 0.9100586074338628, 1
Cluster 0, eyebus.cn, 0.9105827527709801, 1
Cluster 0, cainiao.com, 0.9106968581821052, -1
Cluster 0, tanway.net, 0.9109479113489776, 1
Cluster 0, zuche.com, 0.9112475522502222, 1
Cluster 0, mi.com, 0.9122097472880206, 0
Cluster 0, wostore.cn, 0.9132839731373934, -1
Cluster 0, yinliancn.com, 0.9138358003109918, -1
Cluster 0, yunovo.cn, 0.9138836895562283, 1
Cluster 0, ucloudlink.com, 0.914197180381603, 1
Cluster 0, cdninstagram.com, 0.9145510213100687, -1
Cluster 0, remoteupdate.cn, 0.9150240719840383, -1
Cluster 0, vmall.com, 0.9151071885502585, 0
Cluster 0, tslsmart.com, 0.915456562299909, -1
Cluster 0, gjcar.com, 0.9156039222360526, 1
Cluster 0, gps688.net, 0.9160087374386823, 1
Cluster 0, agriccerebra.com, 0.9162397855149544, -1
Cluster 0, shoujiduoduo.com, 0.9165547159928848, -1
Cluster 0, dingtalk.com, 0.9168011284725249, 0
Cluster 0, firecc.cn, 0.916859156241151, 1
Cluster 0, clouddatasrv.com, 0.9173714169151435, 1
Cluster 0, 952100.com, 0.9179527054701468, -1
Cluster 0, tencent.com, 0.9192150276444, -1
Cluster 0, huabaotech.com, 0.9193172639822993, 1
Cluster 0, wisegps.cn, 0.9194678899895496, 1
Cluster 0, gpskk.com, 0.9194915846801504, 0
Cluster 0, wlaa.com.cn, 0.9202853188283318, 1
Cluster 0, tianxing.com, 0.9208843742497276, 1
Cluster 0, 50yaya.com, 0.9210370257139822, 1
Cluster 0, michicloud.cn, 0.9228448353846318, 1
Cluster 0, zhenhuaonline.cn, 0.923417459165961, 1
Cluster 0, homewell.com.cn, 0.923515764531686, 1
Cluster 0, shrenj.com, 0.9237682509891909, 1
Cluster 0, ieyes.org.cn, 0.9239391603080434, -1
Cluster 0, yundasys.com, 0.9242378191716872, 1
Cluster 0, yespowering.cn, 0.9248720349193622, -1
Cluster 0, vipcare.com, 0.9257808418835944, -1
Cluster 0, flipboard.com, 0.927475324215677, -1
Cluster 0, zjqunshuo.com, 0.928310946012493, 1
Cluster 0, starpos.com.cn, 0.9283554159560359, 1
Cluster 0, doubleclick.net, 0.9285251834958199, -1
Cluster 0, hyperwsn.com, 0.9288895470790977, -1
Cluster 0, jylengku.com, 0.9291098452861819, 1
Cluster 0, dianxinos.com, 0.9296515106246337, -1
Cluster 0, baselocattest.cn, 0.9297156414665781, -1
Cluster 0, gpsmi.com, 0.9305496573402277, -1
Cluster 0, koowo.com, 0.9310360844565653, -1
Cluster 0, dunamu.com, 0.9315605397010666, -1
Cluster 0, osv.cn, 0.9327116298894286, 1
Cluster 0, aliyun.com, 0.9330617745645553, 0
Cluster 0, yprinter.com, 0.9335465334249184, 1
Cluster 0, gps588.com, 0.9345065228141639, 1
Cluster 0, 9555168.cn, 0.9348205659587873, 1
Cluster 0, mfhcd.com, 0.9363550184945503, -1
Cluster 0, itms360.com, 0.9364753319412568, 1
Cluster 0, gps007.cc, 0.9383065563478622, -1
Cluster 0, samsungosp.com, 0.9392636360778794, -1
Cluster 0, zzss.com, 0.9401327276297525, 1
Cluster 0, mihuier.com.cn, 0.9407835436473133, -1
Cluster 0, keycoin.cn, 0.9410583201153024, -1
Cluster 0, f3322.net, 0.9416758648435586, -1
Cluster 0, winlbs.com, 0.9422475370445922, -1
Cluster 0, baidu.com, 0.9429672324691613, 0
Cluster 0, mytogo.com, 0.9439552727104047, 1
Cluster 0, iyoulia.com, 0.9442969166472173, 1
Cluster 0, techtotop.com, 0.9445484819470089, -1
Cluster 0, novaecs.com, 0.9446607395947344, 1
Cluster 0, chargedot.com, 0.9448157506295966, 1
Cluster 0, sharemao.com, 0.9454766956828256, 1
Cluster 0, shjky.cn, 0.9455897430120132, 1
Cluster 0, chcedo.com, 0.9465447774585348, -1
Cluster 0, cangowin.com, 0.947384277156916, 1
Cluster 0, novoyun.com, 0.9477188143532281, 1
Cluster 0, bdiov.net, 0.9477335857727228, -1
Cluster 0, gstatic.com, 0.947968362429046, -1
Cluster 0, letv.com, 0.948391358237607, -1
Cluster 0, scinan.com, 0.9484874186305647, 1
Cluster 0, googletagmanager.com, 0.9486276375936893, -1
Cluster 0, apple-dns.net, 0.9488880494691856, 0
Cluster 0, xddtech.com, 0.9489874197119207, 1
Cluster 0, shweidong.com, 0.9492238581586483, 1
Cluster 0, hangtu-china.com, 0.949301766406178, 1
Cluster 0, ubuntu.com, 0.9499521858957699, -1
Cluster 0, liugong.com, 0.9504289199111644, 1
Cluster 0, aninitn.com, 0.9515783975770283, 1
Cluster 0, runxintx.cn, 0.9520498442346987, -1
Cluster 0, imtmp.net, 0.9528846105188885, -1
Cluster 0, friggatech.com, 0.952971177258396, -1
Cluster 0, linkores.com, 0.9532576753150721, 1
Cluster 0, shgps.net, 0.9532576753150724, 1
Cluster 0, actia-cvc.com, 0.9532576753150724, 1
Cluster 0, xsgps.com, 0.9533048062126278, -1
Cluster 0, lvxudong.com, 0.9537834981565283, -1
Cluster 0, hoho56.com, 0.9541055480918057, -1
Cluster 0, zizilaidian.com, 0.9548341119947811, -1
Cluster 0, happyelements.cn, 0.9566086007263532, 0
Cluster 0, tenpay.com, 0.9581362194116778, -1
Cluster 0, paysrun.com, 0.9589859187747022, -1
Cluster 0, iqiyi.com, 0.9591963787163248, 0
Cluster 0, szdatasource.com, 0.9592576665340754, 0
Cluster 0, yesway.cn, 0.9593578368909659, 1
Cluster 0, sudiyi.cn, 0.9596477440083205, 1
Cluster 0, rechx.com, 0.9605716929777003, 1
Cluster 0, sanquan.com, 0.9609383405487127, 1
Cluster 0, hiido.com, 0.961072999584295, -1
Cluster 0, or.kr, 0.9621931385621691, -1
Cluster 0, roistar.net, 0.9633648005254264, -1
Cluster 0, youzan.com, 0.9640276731273586, -1
Cluster 0, sina.com.cn, 0.9645391830286816, 0
Cluster 0, yaxon.mobi, 0.9653938823574835, 1
Cluster 0, xunwaytech.com, 0.968788926182555, 1
Cluster 0, meeyou.me, 0.9691963368274287, 1
Cluster 0, lyckdevice.tech, 0.9695748884101526, -1
Cluster 0, yuelongxinxi.com, 0.9702032421702222, 1
Cluster 0, fjcxkj.com, 0.9703241051608202, 1
Cluster 0, getui.com, 0.9709618481173312, 0
Cluster 0, udache.com, 0.9728583542260726, -1
Cluster 0, jlpay.com, 0.9731206196741045, 1
Cluster 0, voiceads.cn, 0.9734366578078081, -1
Cluster 0, ydwgps.com, 0.9739488155979477, -1
Cluster 0, chinanetcenter.com, 0.9749433909561613, -1
Cluster 0, hazoobus.com, 0.976266218829997, -1
Cluster 0, hotmail.com, 0.9776133735313651, -1
Cluster 0, 31001006.com, 0.980316421251349, -1
Cluster 0, skynetm2m.com, 0.9803797744381313, 1
Cluster 0, kypt.cn, 0.9821061091955439, 1
Cluster 0, yunchongba.com, 0.9861036851725762, 1
Cluster 0, zhonghang-gprs.com, 0.986318725612081, 1
Cluster 0, gridsumdissector.com, 0.9866877082173403, -1
Cluster 0, sankuai.com, 0.9872564037585333, 1
Cluster 0, irest.tv, 0.9893133469002533, -1
Cluster 0, amplitude.com, 0.9900534795537579, -1
Cluster 0, swiftpass.cn, 0.9917021360002568, 1
Cluster 0, chainwayits.cn, 0.9922977966583787, 1
Cluster 0, leadu.com.cn, 0.9933620775599581, 1
Cluster 0, gpstky.net, 0.994516669404711, 1
Cluster 0, 5hbb.com, 0.9948188886556002, -1
Cluster 0, motorgps.net, 0.9952959451870111, 1
Cluster 0, eyerising.com, 0.998491666514877, 1
Cluster 0, shsyf.com, 0.9993716342510475, 1
Cluster 0, gpssafesum.com, 1.0000182994226077, -1
Cluster 0, ubi001.com, 1.0040769773225018, 1
Cluster 0, ankocp.com, 1.0060377627006716, 1
Cluster 0, batmobi.net, 1.006221923348202, -1
Cluster 0, car-day.cn, 1.0087686367934765, -1
Cluster 0, nist.gov, 1.0099075104987594, 0
Cluster 0, xiaojukeji.com, 1.0100194732144465, 1
Cluster 0, ubox.cn, 1.01038368950544, 1
Cluster 0, abax-china.com, 1.0108944097363228, 1
Cluster 0, 666gps.net, 1.0148270362746303, 1
Cluster 0, puxuntech.com, 1.0159456677447385, 1
Cluster 0, hp888.com, 1.0163980702403268, -1
Cluster 0, cheweishi.cn, 1.016400659758979, 1
Cluster 0, chexiao.co, 1.0165948705439605, -1
Cluster 0, wendu114.com, 1.016766230213935, 1
Cluster 0, cheerzing.com, 1.0169086078073932, 1
Cluster 0, rqsjcj.com.cn, 1.0176960411400133, 1
Cluster 0, iandun.com, 1.0186792762937873, 1
Cluster 0, df-99.com, 1.0187097073058022, -1
Cluster 0, bluegogo.com, 1.0187482481594698, 1
Cluster 0, cldpower.com, 1.018962771390346, -1
Cluster 0, ivmc.net, 1.0190742590874118, -1
Cluster 0, okii.com, 1.020299616227791, 1
Cluster 0, richcar.net, 1.0219253378532216, -1
Cluster 0, morefun-et.com, 1.0231922772811044, 1
Cluster 0, iotkit.net, 1.024947081191258, -1
Cluster 0, gpslink.cn, 1.025722667220177, 1
Cluster 0, jiepos.com, 1.0257524236189317, 1
Cluster 0, isonf.com, 1.0261072738751256, 1
Cluster 0, mopub.com, 1.0261415380892314, -1
Cluster 0, shmdo.com, 1.0271441426155836, -1
Cluster 0, tecsys.cn, 1.028432501537409, 1
Cluster 0, tbcache.com, 1.0310419730616154, 0
Cluster 0, imlaidian.com, 1.0315076853690068, 1
Cluster 0, whxueying.com, 1.0346929123185462, -1
Cluster 0, qqfind.me, 1.0384452036960448, 1
Cluster 0, elianche.com, 1.0385787100626005, -1
Cluster 0, xycdn.com, 1.0393257830986289, -1
Cluster 0, listentech.com.cn, 1.0399839973200034, 1
Cluster 0, accuweather.com, 1.040144827455203, 0
Cluster 0, immomo.com, 1.0401648919321747, -1
Cluster 0, growatt.com, 1.0402467587583488, 1
Cluster 0, mybank.cn, 1.0403481379564496, -1
Cluster 0, fleety.com, 1.0414162704161503, 1
Cluster 0, thinklock.cn, 1.0429929987838467, 1
Cluster 0, cnpost-sposter.com, 1.0432931675848904, -1
Cluster 0, 51takeit.com, 1.0441972536011221, -1
Cluster 0, chesudi.net, 1.0446277133745328, 1
Cluster 0, feyin.net, 1.0453829247832707, 1
Cluster 0, shouqiev.com, 1.047073724831343, 1
Cluster 0, duapp.com, 1.0471466663160782, 0
Cluster 0, 4008597597.com, 1.0471542953006892, 1
Cluster 0, tongdun.net, 1.0472841602486187, -1
Cluster 0, vipwifi.net, 1.0474754350973927, 1
Cluster 0, rtlscn.com, 1.0510020669029458, 1
Cluster 0, i-cbao.com, 1.052456505844421, 1
Cluster 0, zg118.com, 1.0529252447372852, -1
Cluster 0, yahoo.com, 1.0552056900304034, -1
Cluster 0, youdao.com, 1.0567031540306826, -1
Cluster 0, iqqot.cn, 1.057094048657624, -1
Cluster 0, queclocator.com, 1.0574511688505783, -1
Cluster 0, citylms.cn, 1.0591943548913223, -1
Cluster 0, kl001.net, 1.059293783777256, 0
Cluster 0, 70mai.com.cn, 1.0595875507817847, 1
Cluster 0, xidiancd.com, 1.0598849651202524, 1
Cluster 0, taoxixi.com, 1.0604087067364365, -1
Cluster 0, taobao.com, 1.0604298309354827, 0
Cluster 0, xmgxamy.com, 1.060782200208098, 1
Cluster 0, cheweibing.cn, 1.0621162740823018, -1
Cluster 0, ailianlian.com, 1.0623578379142535, 0
Cluster 0, icbc.com.cn, 1.062977906860825, 1
Cluster 0, sogou.com, 1.0667089176622402, 0
Cluster 0, rongtai-china.com, 1.067147767297199, 1
Cluster 0, baoxingtech.com, 1.0675289381546649, -1
Cluster 0, 21com.com, 1.0685980886004676, 1
Cluster 0, weixincall.com, 1.0693056131274146, 1
Cluster 0, smartmidea.net, 1.0711843311326683, -1
Cluster 0, vodofo.com, 1.072429028450479, 1
Cluster 0, carhere.net, 1.077262734819301, 1
Cluster 0, iauto360.cn, 1.077897726120683, -1
Cluster 0, iskyct.com, 1.0796004954728047, 1
Cluster 0, aotie-dtu.cc, 1.080996053381401, -1
Cluster 0, aucmace.com, 1.0840559519573976, 1
Cluster 0, zhizongiot.com, 1.0882580613111983, 1
Cluster 0, shenxiaozhineng.com, 1.0889453470439345, -1
Cluster 0, lannyapp.net, 1.0900388558264722, -1
Cluster 0, ele.me, 1.094723708985358, 0
Cluster 0, qdigo.com, 1.0959647171641502, 1
Cluster 0, ytl-s.com, 1.0974480231971995, -1
Cluster 0, gifshow.com, 1.0974561972028911, 0
Cluster 0, gstarworld.com.cn, 1.099976366011521, 1
Cluster 0, zhhnfgs.cn, 1.1017009979270551, 1
Cluster 0, cootek.com, 1.1065401520622236, -1
Cluster 0, 4008117117.com, 1.107680159267539, 0
Cluster 0, useeasy.cn, 1.1082484464981854, -1
Cluster 0, jchoice.cn, 1.1090369977626353, 1
Cluster 0, oray.net, 1.1154142923357484, -1
Cluster 0, icancontrol.com, 1.1180014987138442, 0
Cluster 0, rywl.cn, 1.1181356292376474, 1
Cluster 0, zenlane.com, 1.1192526764431734, 1
Cluster 0, qcloud.com, 1.1205830423609473, -1
Cluster 0, hedevice.com, 1.1219583500665045, -1
Cluster 0, quick-pass.net, 1.1220027695899502, 1
Cluster 0, supersoco.com, 1.122361582248883, 1
Cluster 0, hiveset.com, 1.123085878829007, 1
Cluster 0, wanmagps.com, 1.1246335961026062, 1
Cluster 0, zuotoujing.net, 1.1247826581923321, -1
Cluster 0, skplanet.com, 1.1259737381313704, -1
Cluster 0, e-powerkeeper.com, 1.126036603403397, -1
Cluster 0, midea.com.cn, 1.1281124197690446, 1
Cluster 0, xj-online.com, 1.1308908558704276, 1
Cluster 0, aliyuncs.com, 1.1312684038921095, 0
Cluster 0, 10ss.net, 1.134150585191358, 1
Cluster 0, klclear.com, 1.1392890400229394, -1
Cluster 0, zillionsource.com, 1.1403734999619162, 1
Cluster 0, jkvending.com, 1.1408088329673158, 1
Cluster 0, weimaqi.net, 1.1440240489648321, 1
Cluster 0, whatsapp.net, 1.1469400961845717, 0
Cluster 0, 8g.cn, 1.1479422400461923, 1
Cluster 0, evcard.vip, 1.147997709819856, -1
Cluster 0, whatsapp.com, 1.1506509555614701, -1
Cluster 0, lechange.cn, 1.1518616986612693, -1
Cluster 0, 50bang.org, 1.162994968836817, 0
Cluster 0, digicert.com, 1.1650033468126313, -1
Cluster 0, googleapis.com, 1.16907327031302, 0
Cluster 0, dropbox.com, 1.1711378020217302, -1
Cluster 0, starcharge.com, 1.174862086173676, 1
Cluster 0, facebook.com, 1.1841510049160018, 0
Cluster 0, uspring.cn, 1.1848291081234819, 1
Cluster 0, fuiou.com, 1.1867673712678588, 1
Cluster 0, happyelements.com, 1.1880976950164803, -1
Cluster 0, uml-tech.com, 1.1883440985197933, 1
Cluster 0, gnss-aide.com, 1.1898029133816435, -1
Cluster 0, bydauto.com.cn, 1.1899728472690607, 1
Cluster 0, line.me, 1.1979271386007264, 0
Cluster 0, zjs.com.cn, 1.1991036749828832, 1
Cluster 0, google.com.hk, 1.201466281186808, -1
Cluster 0, sunlongbus.com, 1.2044015192624886, -1
Cluster 0, cangoonline.net, 1.207514944610303, 1
Cluster 0, bootcss.com, 1.2078897066792524, -1
Cluster 0, 10663030.com, 1.2098858374353252, 1
Cluster 0, ymwlw.com, 1.2101395100663364, 1
Cluster 0, sourcetech.cn, 1.2130523490967418, -1
Cluster 0, cama-e.com, 1.2157483309494037, 1
Cluster 0, tencentclb.com, 1.2180177757306432, -1
Cluster 0, cvnavi.com, 1.2333869341028407, 1
Cluster 0, msftconnecttest.com, 1.2343530960954339, -1
Cluster 0, leyingtt.com, 1.2379178051028996, -1
Cluster 0, jimiagps.com, 1.2429294566237303, -1
Cluster 0, teekart.com, 1.2442723175022985, 1
Cluster 0, wuxianchaobiao.com, 1.2452033226157895, -1
Cluster 0, che08.com, 1.2544757897874803, -1
Cluster 0, didigps.com, 1.260298728273628, 1
Cluster 0, dzdas.net, 1.2639502352806664, -1
Cluster 0, powerpower.net, 1.2680819429334909, -1
Cluster 0, mwee.cn, 1.2762058090547783, 1
Cluster 0, kakao.com, 1.2770879218197642, -1
Cluster 0, nvr-china.com, 1.2805375438153699, -1
Cluster 0, shrongshen.com, 1.2830005992482447, 1
Cluster 0, my-idog.com, 1.2866200664361542, 1
Cluster 0, suianbo.cn, 1.2955759808419975, 1
Cluster 0, e-chong.com, 1.3018292039292443, 1
Cluster 0, lbstec.cn, 1.302051098864697, 1
Cluster 0, cloudapp.net, 1.303566413400961, -1
Cluster 0, g-bos.cn, 1.3057185775229263, -1
Cluster 0, ytimg.com, 1.3278427610000079, -1
Cluster 0, zebred.com, 1.329110055882287, 1
Cluster 0, bd2012.com, 1.3367615236818726, -1
Cluster 0, gwgps.net.cn, 1.338497918282106, -1
Cluster 0, twdk.net, 1.3418263529300207, 1
Cluster 0, co.kr, 1.3463006664809365, -1
Cluster 0, fxftcar.com, 1.3727609044167834, -1
Cluster 0, vrcp51.com, 1.37797024501791, 1
Cluster 0, hbjk.com.cn, 1.3867216893384249, 1
Cluster 0, google.com, 1.3935706446122285, -1
Cluster 0, e-buychina.com, 1.3947589434468362, 1
Cluster 0, solardrv.cn, 1.397134520817171, 1
Cluster 0, fairsense.cn, 1.3999696962524175, 1
Cluster 0, kingsoft-office-service.com, 1.4028915525855674, -1
Cluster 0, aliapp.org, 1.4209598835564288, -1
Cluster 0, tpvms.org, 1.4225247699909496, 1
Cluster 0, ankerjiedian.com, 1.4364608883836865, 1
Cluster 0, qdfaw.com, 1.4380825574284943, -1
Cluster 0, 256178.com, 1.456440452254212, 1
Cluster 0, inhandnetworks.com, 1.4654212145366885, 0
Cluster 0, ihicare.com, 1.4722035267373548, 1
Cluster 0, bldimg.com, 1.4733202093889322, 0
Cluster 0, senergytec.cn, 1.4802103368826445, 1
Cluster 0, pubds.com, 1.4876121368716604, 1
Cluster 0, tempoon.com, 1.4889012417078493, 1
Cluster 0, xlvren.com, 1.5007882798289962, 1
Cluster 0, tango.me, 1.5013008393490375, -1
Cluster 0, evclub.com, 1.5243864734385517, -1
Cluster 0, u-cloud.cn, 1.536624750955799, 1
Cluster 0, hao123.com, 1.5533699527735714, -1
Cluster 0, qfxup.com, 1.5576424466034333, 1
Cluster 0, weekey.cn, 1.5708719489130814, 1
Cluster 0, hxznkj.net, 1.5846305834136465, -1
Cluster 0, weiapp.co, 1.5964510870733235, -1
Cluster 0, haier.net, 1.6202692975805657, 1
Cluster 0, lhzbdvm.com, 1.6338999232554017, -1
Cluster 0, android.com, 1.6444070073126043, -1
Cluster 0, bblbs.net, 1.654091426076056, -1
Cluster 0, emmars.cn, 1.6542381683290102, -1
Cluster 0, akadns.net, 1.6585360559790245, 1
Cluster 0, huidesichuang.com, 1.670806257132164, 1
Cluster 0, chinacloudapp.cn, 1.674415683487728, -1
Cluster 0, time.edu.cn, 1.6748845804697527, -1
Cluster 0, diatiantian.com, 1.6784288809015073, -1
Cluster 0, qiji110.com, 1.6814992279528802, 1
Cluster 0, ebankpos.com.cn, 1.6827035080930237, 1
Cluster 0, qianxun.com, 1.7133042945824652, -1
Cluster 0, intestcar.com.cn, 1.716197199456428, 1
Cluster 0, adups.cn, 1.8165932867931815, -1
Cluster 0, issks.com, 1.8794559256106145, 1
Cluster 0, e22a.com, 1.8851484944700876, -1
Cluster 0, dianping.com, 1.9451196442012244, 0
Cluster 0, gongxiangchongdianbao.org, 1.9651682867054763, -1
Cluster 0, gooncheck.com, 1.9722967446982989, -1
Cluster 0, sf-express.com, 2.0059229121164615, 1
Cluster 0, zhijiaxing.net, 2.0131122062699154, -1
Cluster 0, znv.com, 2.0286757028207614, 1
Cluster 0, googleusercontent.com, 2.0517300125253906, -1
Cluster 0, goodwe-power.com, 2.0593808052254516, -1
Cluster 0, wiselbs.cn, 2.0784729673512907, 0
Cluster 0, viber.com, 2.0845321407676325, -1
Cluster 0, wizarview.cn, 2.1470621615594623, -1
Cluster 0, youtube.com, 2.2145867894111126, -1
Cluster 0, bianlifeng.com, 2.359433913630698, 1
Cluster 0, meituan.com, 2.4163937495674057, 0
Cluster 0, charginghome.net, 2.5222988162470594, -1
Cluster 0, freetis.net, 2.5812754410749172, -1
Cluster 0, qxwz.com, 2.601240844097821, 0
Cluster 0, huiway.net, 3.334987444528678, -1
Cluster 0, xunyou.mobi, 3.49667990735866, -1
Cluster 0, epowerplat.com, 3.6484893311429794, 1
Cluster 0, thingyu.com, 3.9002221389693092, -1
Cluster 0, meibu.net, 3.953983738125647, -1
Cluster 0, tanwan.com, 4.5504817355171845, 0
Cluster 0, ebanma.com, 5.114746197525262, 1
Cluster 0, wicp.net, 6.802950555355349, -1
Cluster 0, iarcar.cn, 6.853966844530038, 1
Cluster 0, douyu.com, 7.163982269167266, -1
Cluster 0, lbszd.com, 8.370086921562095, -1
Cluster 1, wsdvs.com, 0.9232895358251026, -1
Cluster 1, dnsv1.com, 1.6800937972937664, -1
Cluster 1, ixiguavideo.com, 2.172483361414808, -1
Cluster 2, diditaxi.com.cn, 0.8967363455053341, -1
Cluster 2, ungps.com, 0.911711257643254, 1
Cluster 2, qiniu.com, 0.9338187236176537, 1
Cluster 2, naver.com, 1.0748049677601812, 0
Cluster 2, icloud-content.com, 1.1212748738261165, -1
Cluster 2, samsungcloud.com, 1.8103111979767548, 0
Cluster 3, ixigua.com, 1.1148586546216575, -1
Cluster 3, miaopai.com, 1.3842948234086114, -1
Cluster 3, etoote.com, 1.4139997004890144, 1
Cluster 3, huya.com, 1.498097017564, -1
Cluster 4, 5iretail.com, 1.7951137902250256, -1
Cluster 4, zjoyvd.com, 2.5697394952089883, 1
Cluster 5, qijigps.com, 1.3112629531004594, -1
Cluster 5, ofo.so, 2.936049966227422, 1
Cluster 6, ykimg.com, 0.6865426202810321, -1
Cluster 6, ntalker.com, 0.7206741265512326, -1
Cluster 6, ludashi.com, 0.7257421822554522, -1
Cluster 6, sunmi.com, 0.729339429580756, 1
Cluster 6, zhimg.com, 0.729426614461334, -1
Cluster 6, xcar.com.cn, 0.7305674655542598, -1
Cluster 6, 3566ad.com, 0.73056746555426, -1
Cluster 6, 360kan.com, 0.7327007902725697, 0
Cluster 6, gtimg.com, 0.7338056235817108, 0
Cluster 6, mediatek.com, 0.73442866551759, 0
Cluster 6, 1234567.com.cn, 0.7445850659623177, -1
Cluster 6, 1sapp.com, 0.7466605257811996, -1
Cluster 6, dable.io, 0.7470418304120447, -1
Cluster 6, baiducontent.com, 0.7470418304120449, 0
Cluster 6, xcarimg.com, 0.7516700305325946, -1
Cluster 6, flyasiana.com, 0.7540108389102048, -1
Cluster 6, sfx.ms, 0.7555530871589605, -1
Cluster 6, mifile.cn, 0.7567031475850434, -1
Cluster 6, momocdn.com, 0.7581477546945855, -1
Cluster 6, 25pp.com, 0.7583495957145704, -1
Cluster 6, coloros.com, 0.7591732793919801, -1
Cluster 6, ulmon.com, 0.7594668175563511, -1
Cluster 6, uczzd.cn, 0.7599392036564184, -1
Cluster 6, aipai.com, 0.7624793311136956, -1
Cluster 6, letvimg.com, 0.7651826224373064, -1
Cluster 6, dpfile.com, 0.7655893609918746, -1
Cluster 6, kunlunhuf.com, 0.7692870373705858, -1
Cluster 6, qingting.fm, 0.7693028298904535, 0
Cluster 6, 360safe.com, 0.7717369321557495, -1
Cluster 6, cmcm.com, 0.7728385268113886, -1
Cluster 6, ifengimg.com, 0.7728616984049909, -1
Cluster 6, ucweb.com, 0.7732164862385407, 0
Cluster 6, qhres.com, 0.7751788319063261, -1
Cluster 6, qnssl.com, 0.7758679127829317, -1
Cluster 6, office.com, 0.7761129547589589, -1
Cluster 6, 58cdn.com.cn, 0.7762706743826205, -1
Cluster 6, gmw.cn, 0.7765616421295443, -1
Cluster 6, qhimgs3.com, 0.7772338710207085, -1
Cluster 6, zol-img.com.cn, 0.778472767442554, -1
Cluster 6, trendmicro.com, 0.7804923090946432, -1
Cluster 6, vpimg4.com, 0.7811847495959598, -1
Cluster 6, uncentury.com, 0.7817868202504062, -1
Cluster 6, kunlunle.com, 0.7845691081398691, -1
Cluster 6, go2yd.com, 0.7864231331664826, -1
Cluster 6, samsungapps.com, 0.7873185463053571, -1
Cluster 6, samsungfeed.com, 0.7883345842809153, -1
Cluster 6, jdcdn.com, 0.7883367738442588, -1
Cluster 6, kgimg.com, 0.7887236824830879, -1
Cluster 6, 99.com.cn, 0.789094001179097, -1
Cluster 6, wni.com, 0.791158929263666, -1
Cluster 6, navercdn.com, 0.7916352446987253, 0
Cluster 6, qhcdn.com, 0.7919179018066298, -1
Cluster 6, cnitcloud.com, 0.792161606519875, -1
Cluster 6, kunlunpi.com, 0.7927983702113994, -1
Cluster 6, ijinshan.com, 0.7939198576347314, -1
Cluster 6, dianhua.cn, 0.7944490068616066, -1
Cluster 6, dengyanyu.com, 0.7945374328157184, -1
Cluster 6, iboxpay.com, 0.7957162382407423, 1
Cluster 6, 160.com, 0.7961060041282384, -1
Cluster 6, gzlzfm.com, 0.7966780839995822, -1
Cluster 6, elemecdn.com, 0.7981890263713273, -1
Cluster 6, gionee.com, 0.7984492228688289, -1
Cluster 6, zuimeitianqi.com, 0.7991778002870678, -1
Cluster 6, skype.com, 0.7992453292634104, -1
Cluster 6, qyer.com, 0.7993066525389375, -1
Cluster 6, hellobanma.com, 0.7998668420881012, -1
Cluster 6, weibo.com, 0.8009562016392042, -1
Cluster 6, pconline.com.cn, 0.8010748814256553, -1
Cluster 6, 51taifu.com, 0.80145946610299, -1
Cluster 6, url.cn, 0.8016790816606294, 0
Cluster 6, corp3g.cn, 0.8020277394005804, -1
Cluster 6, tl88.net, 0.8030088995648068, -1
Cluster 6, unity3d.com, 0.8041372228553654, -1
Cluster 6, 71edge.com, 0.8046632240612063, -1
Cluster 6, txslicai.com, 0.8053982670395584, -1
Cluster 6, idqqimg.com, 0.8066859884320469, -1
Cluster 6, suning.com, 0.8072696039474321, -1
Cluster 6, meituan.net, 0.8072696039474323, 0
Cluster 6, yidianzixun.com, 0.8086198083300354, -1
Cluster 6, jinshuju.net, 0.8088860553434808, -1
Cluster 6, office365.com, 0.8092902742471516, -1
Cluster 6, imxingzhe.com, 0.8092979066425394, -1
Cluster 6, huanqiu.com, 0.8115924265390528, -1
Cluster 6, baozoukanshu.com, 0.8119833684302649, -1
Cluster 6, kaspersky.com, 0.8121416824175591, -1
Cluster 6, nshc.net, 0.8122396613664815, -1
Cluster 6, n0808.com, 0.8122563581680525, -1
Cluster 6, bcebos.com, 0.812709122824125, -1
Cluster 6, qufenqi.com, 0.812820040893247, -1
Cluster 6, ourdvs.com, 0.8133321029232121, -1
Cluster 6, msftncsi.com, 0.8134198672789708, -1
Cluster 6, weather.com.cn, 0.8137571504582825, -1
Cluster 6, daum.net, 0.8144915589695316, -1
Cluster 6, 4399.com, 0.8152934414417137, -1
Cluster 6, sto.cn, 0.8159720658845714, -1
Cluster 6, toastoven.net, 0.8160043981798548, -1
Cluster 6, aiyounet.cn, 0.8168976039955232, -1
Cluster 6, 11222.cn, 0.8170623384905147, -1
Cluster 6, gtimg.cn, 0.8170623384905147, 0
Cluster 6, hdslb.com, 0.8171109260785702, -1
Cluster 6, thsi.cn, 0.8174978540955715, -1
Cluster 6, baiduyundns.com, 0.8175414353127547, -1
Cluster 6, tingyun.com, 0.8175577200760251, -1
Cluster 6, snow.me, 0.8176710272087118, -1
Cluster 6, vungle.cn, 0.8179066793734906, -1
Cluster 6, haiwainet.cn, 0.8185904095112038, -1
Cluster 6, sczsie.com, 0.8189372096132358, -1
Cluster 6, 10086.cn, 0.8199238065084249, -1
Cluster 6, autohome.com.cn, 0.8205869816144922, -1
Cluster 6, naver.net, 0.8219889450948896, -1
Cluster 6, glpals.com, 0.8220179381155435, -1
Cluster 6, windowsupdate.com, 0.8224720482645784, 0
Cluster 6, myzaker.com, 0.823071441694889, -1
Cluster 6, weiyun.com, 0.8251375497024874, -1
Cluster 6, wps.cn, 0.8278149450278933, -1
Cluster 6, alikunlun.net, 0.8283870146574254, -1
Cluster 6, udesk.cn, 0.8290091143014259, -1
Cluster 6, ugdtimg.com, 0.8293763537154895, -1
Cluster 6, googlesyndication.com, 0.8295540769628891, -1
Cluster 6, wsglb0.com, 0.8301934632336879, -1
Cluster 6, qingcdn.com, 0.8320418203515392, -1
Cluster 6, izatcloud.net, 0.8324717201523022, 0
Cluster 6, xywy.com, 0.8328578328696075, -1
Cluster 6, kakaocdn.net, 0.8328904032112984, -1
Cluster 6, ireader.com, 0.8332123420665092, -1
Cluster 6, gccdn.net, 0.8353792287213402, -1
Cluster 6, 360buyimg.com, 0.8376373314569789, -1
Cluster 6, bilibili.com, 0.8385148634048815, -1
Cluster 6, uuuo.com, 0.8386442206729621, -1
Cluster 6, xmcdn.com, 0.8393684462590525, 0
Cluster 6, taboola.com, 0.839915708659934, -1
Cluster 6, youku.com, 0.8400761808331157, 0
Cluster 6, douguo.net, 0.8413371347681918, -1
Cluster 6, uc.cn, 0.8457361826798329, 0
Cluster 6, yjs-cdn.com, 0.8457595966973571, -1
Cluster 6, mgtv.com, 0.8490531012219952, 0
Cluster 6, woewr.cn, 0.849606746848032, -1
Cluster 6, yystatic.com, 0.8511120725098646, -1
Cluster 6, mafengwo.net, 0.8516894992025132, -1
Cluster 6, smtcdns.com, 0.8526961298192127, -1
Cluster 6, cibntv.net, 0.8526961298192127, -1
Cluster 6, jeppesen.com, 0.8526961298192127, -1
Cluster 6, sbixby.com, 0.8527903214449178, -1
Cluster 6, smucdn.com, 0.8530784820601355, -1
Cluster 6, china.cn, 0.8531505459094136, -1
Cluster 6, dfcfw.com, 0.8561635223439727, -1
Cluster 6, mipcdn.com, 0.8563350985125228, -1
Cluster 6, skybluead.com, 0.8570887072743799, -1
Cluster 6, lizhi.fm, 0.8573690896527305, 0
Cluster 6, cjyun.org, 0.8580859158798992, -1
Cluster 6, microsoft.com, 0.8588154209880117, -1
Cluster 6, netease.com, 0.8619415722253949, 0
Cluster 6, dwstatic.com, 0.8619415722253951, -1
Cluster 6, xiaomi.cn, 0.863444057841624, -1
Cluster 6, yximgs.com, 0.8645703449686485, 0
Cluster 6, nearme.com.cn, 0.8646557178173421, 0
Cluster 6, myapp.com, 0.8704827664878148, 0
Cluster 6, ztjystore.cn, 0.8711088856550523, -1
Cluster 6, didapinche.com, 0.8715159734450125, -1
Cluster 6, ccb.com, 0.8727093982617499, 1
Cluster 6, 4sqi.net, 0.8728642728076735, -1
Cluster 6, 126.net, 0.8741184015391991, 0
Cluster 6, cdngc.net, 0.8741199704297948, 0
Cluster 6, jomodns.com, 0.8747652938233619, -1
Cluster 6, zampdsp.com, 0.8761631416350001, -1
Cluster 6, kascend.com, 0.87878337155036, -1
Cluster 6, alikunlun.com, 0.8794835247616399, 0
Cluster 6, kwimgs.com, 0.8794835247616399, -1
Cluster 6, ksyuncdn.com, 0.8794835247616399, -1
Cluster 6, chinamobile.com, 0.883946837666905, -1
Cluster 6, ccgslb.com.cn, 0.8847897843578163, -1
Cluster 6, eastmoney.com, 0.8853376752026472, 0
Cluster 6, km.com, 0.8856487156937118, -1
Cluster 6, 120askimages.com, 0.8873513111882412, -1
Cluster 6, ahnlab.com, 0.8906824764658214, -1
Cluster 6, apple.com, 0.8951093719370936, 0
Cluster 6, c-ctrip.com, 0.8952993078981913, -1
Cluster 6, 500.com, 0.8956999680139204, -1
Cluster 6, akamaiedge.net, 0.8981641190699279, -1
Cluster 6, hoopchina.com.cn, 0.902721039370386, -1
Cluster 6, googleadservices.com, 0.9048062283895419, -1
Cluster 6, baidustatic.com, 0.9055896106430289, -1
Cluster 6, hitv.com, 0.905941022926281, -1
Cluster 6, wpscdn.cn, 0.9078648061661493, -1
Cluster 6, mi-img.com, 0.9112720873101212, -1
Cluster 6, ks-cdn.com, 0.91223695870725, -1
Cluster 6, 127.net, 0.9128214832604551, 0
Cluster 6, pstatp.com, 0.9129171716478679, 0
Cluster 6, igetget.com, 0.9131429022840084, -1
Cluster 6, vmallres.com, 0.9143755387349446, -1
Cluster 6, msstatic.com, 0.9166937715104317, -1
Cluster 6, kugou.com, 0.9173025768178789, 0
Cluster 6, oppomobile.com, 0.9190415906813101, 0
Cluster 6, okcashbag.com, 0.9211131251272938, -1
Cluster 6, qlogo.cn, 0.9218851993830739, 0
Cluster 6, 17u.cn, 0.9228656300833326, -1
Cluster 6, flxdns.com, 0.9276391338252763, -1
Cluster 6, carcdn.com, 0.9322716178944075, -1
Cluster 6, babytreeimg.com, 0.9364030659391116, -1
Cluster 6, feidee.com, 0.9396541899168334, -1
Cluster 6, nheos.com, 0.944854752428361, -1
Cluster 6, sm-tc.cn, 0.9456866595734542, -1
Cluster 6, sinaimg.cn, 0.9461151565813515, 0
Cluster 6, pptv.com, 0.9473673879057879, -1
Cluster 6, bdstatic.com, 0.9520970941917714, 0
Cluster 6, kingsoft.com, 0.953220248794499, -1
Cluster 6, qhimg.com, 0.9535678309158181, -1
Cluster 6, toutiao.com, 0.9553950306935345, 0
Cluster 6, duba.com, 0.9574634883832902, -1
Cluster 6, wifi8.com, 0.9577952102043744, -1
Cluster 6, lenovo.com.cn, 0.9595825530483413, -1
Cluster 6, gpsonextra.net, 0.9614301793759598, 0
Cluster 6, itc.cn, 0.9628982870095015, -1
Cluster 6, bytecdn.cn, 0.9693350281550721, -1
Cluster 6, 360kad.com, 0.9731441597348688, -1
Cluster 6, kuwo.cn, 0.9765118402621573, 0
Cluster 6, maiyaole.com, 0.9775289384542383, -1
Cluster 6, akamai.net, 0.9781919978567497, 0
Cluster 6, youni.im, 0.9811679955306, -1
Cluster 6, xiami.net, 0.9819477507362805, 0
Cluster 6, vivo.com.cn, 0.98497885851558, 0
Cluster 6, ourwebpic.com, 0.985799167720795, -1
Cluster 6, myqcloud.com, 0.9858221008808681, -1
Cluster 6, samsungiotcloud.cn, 0.9895561131252844, -1
Cluster 6, loveota.com, 0.9948778717293536, -1
Cluster 6, zhibo8.cc, 1.0060543635924923, -1
Cluster 6, dongtu.com, 1.008721103848883, -1
Cluster 6, didialift.com, 1.0088432802011127, -1
Cluster 6, huoshan.com, 1.0092360353967746, -1
Cluster 6, etouch.cn, 1.0123530996620818, -1
Cluster 6, amemv.com, 1.0125797576974627, -1
Cluster 6, here.com, 1.0161929172912072, -1
Cluster 6, duokan.com, 1.0224991046508247, -1
Cluster 6, qpic.cn, 1.0233059338628312, 0
Cluster 6, ljcdn.com, 1.0344267415118742, -1
Cluster 6, kt.com, 1.0362952096267397, -1
Cluster 6, dbankcdn.com, 1.0372070795442472, -1
Cluster 6, cmcc-cs.cn, 1.038043912969465, 1
Cluster 6, rayjump.com, 1.038628471047879, -1
Cluster 6, cloudfront.net, 1.0407768872042236, -1
Cluster 6, 2345.com, 1.0547961425165662, -1
Cluster 6, quanmin.tv, 1.0558704412888624, -1
Cluster 6, yangkeduo.com, 1.0669894825566524, 0
Cluster 6, xiaohongshu.com, 1.0680778444891605, -1
Cluster 6, muwuya.com, 1.079306956860519, -1
Cluster 6, hicloud.com, 1.0802521741054925, 0
Cluster 6, mzstatic.com, 1.0975775563338313, -1
Cluster 6, aaplimg.com, 1.0981664382376164, 0
Cluster 6, daumcdn.net, 1.10426216806782, -1
Cluster 6, xiami.com, 1.1072753775364823, -1
Cluster 6, hubpd.com, 1.111145428061025, -1
Cluster 6, qktoutiao.com, 1.1171575392573725, -1
Cluster 6, sinajs.cn, 1.1223144873881785, -1
Cluster 6, icloud.com, 1.1371466772554704, 0
Cluster 6, qiyipic.com, 1.1518568699996394, 0
Cluster 6, appsimg.com, 1.1521224637977059, -1
Cluster 6, xiaomi.com, 1.1763494657490066, 0
Cluster 6, iesdouyin.com, 1.179692370158283, 0
Cluster 6, gvt1.com, 1.1926721545962895, -1
Cluster 6, sina.cn, 1.1970901310908755, 0
Cluster 6, guahao.cn, 1.1971286901024882, -1
Cluster 6, wgewj.cn, 1.2116718087791938, -1
Cluster 6, alipayobjects.com, 1.2164112791393662, -1
Cluster 6, bdimg.com, 1.2243151375691885, 0
Cluster 6, meitudata.com, 1.2372427967001083, -1
Cluster 6, bookapi.cn, 1.258248172537392, -1
Cluster 6, fbcdn.net, 1.2589493382165435, -1
Cluster 6, panda.tv, 1.2600685377492744, -1
Cluster 6, 365yg.com, 1.2701401707464828, -1
Cluster 6, ceair.com, 1.2807862853646912, 1
Cluster 6, shangz99991.com, 1.3184682198133673, 1
Cluster 6, qq.com, 1.4286293896310134, 0
Cluster 6, 00cdn.com, 1.4328595726774638, -1
Cluster 6, pstatic.net, 1.4470164718232503, 0
Cluster 6, alicdn.com, 1.468672983194077, 0
Cluster 6, ourglb0.com, 1.4993195390211773, -1
Cluster 6, game-mode.net, 1.5127388972030538, -1
Cluster 6, amazonaws.com, 1.544951007684872, 0
Cluster 6, snssdk.com, 1.5801613042490155, 0
Cluster 6, bizport.cn, 1.702330278916667, -1
Cluster 6, bdydns.com, 1.7149154491421306, -1
Cluster 6, douyucdn.cn, 2.0016140014414896, 0
Cluster 6, ad-brix.com, 2.0240040604600176, -1
Cluster 6, zto.cn, 2.369250883969704, 1
Cluster 6, inke.cn, 2.973196456644666, -1
Cluster 6, zcdsp.com, 3.0832330426728074, 0